{
  "r2": -0.37630322362749014,
  "rmse": 1718.4978502625925,
  "mae": 1560.6893200904658
}